{
  "name": "Quiz with Images Example",
  "transitionSeconds": 3,
  "rounds": [
    {
      "questionText": "What is this famous landmark?",
      "questionType": "multiple_choice_3",
      "questionDisplaySeconds": 5,
      "answerTimeSeconds": 30,
      "answerRevealSeconds": 5,
      "imageFilename": "landmark.jpg",
      "options": ["Eiffel Tower", "Big Ben", "Statue of Liberty"],
      "correctOptionIndex": 0
    },
    {
      "questionText": "What programming language is this code in?",
      "questionType": "multiple_choice_4",
      "questionDisplaySeconds": 5,
      "answerTimeSeconds": 30,
      "answerRevealSeconds": 5,
      "imageFilename": "code.png",
      "options": ["Python", "JavaScript", "Java", "C++"],
      "correctOptionIndex": 1
    },
    {
      "questionText": "The Eiffel Tower is located in Paris, France.",
      "questionType": "true_false",
      "questionDisplaySeconds": 5,
      "answerTimeSeconds": 30,
      "answerRevealSeconds": 5,
      "correctAnswer": true
    },
    {
      "questionText": "JavaScript is a compiled language.",
      "questionType": "true_false",
      "questionDisplaySeconds": 5,
      "answerTimeSeconds": 30,
      "answerRevealSeconds": 5,
      "correctAnswer": false
    }
  ]
}
